countrycode,country,year,gdppc,log_gdppc
BRA,Brazil,1850,867,6.76503897678054
BRA,Brazil,1851,926,6.83087423464618
BRA,Brazil,1852,901,6.80350525760834
BRA,Brazil,1853,846,6.74051935960622
BRA,Brazil,1854,818,6.70686233660275
BRA,Brazil,1855,824,6.71417052990947
BRA,Brazil,1856,854,6.74993119378857
BRA,Brazil,1857,915,6.81892406527552
BRA,Brazil,1858,974,6.88141130364254
BRA,Brazil,1859,966,6.87316383421252
BRA,Brazil,1860,991,6.89871453432999
BRA,Brazil,1861,982,6.88959130835447
BRA,Brazil,1862,936,6.84161547647759
BRA,Brazil,1863,956,6.8627579130514
BRA,Brazil,1864,971,6.87832646829133
BRA,Brazil,1865,1042,6.94889722231331
BRA,Brazil,1866,1081,6.98564181763921
BRA,Brazil,1867,1170,7.0647590277918
BRA,Brazil,1868,1170,7.0647590277918
BRA,Brazil,1869,1170,7.0647590277918
BRA,Brazil,1870,1084,6.98841318199959
BRA,Brazil,1871,1084,6.98841318199959
BRA,Brazil,1872,1122,7.02286808608264
BRA,Brazil,1873,1089,6.99301512293296
BRA,Brazil,1874,1106,7.00850518208228
BRA,Brazil,1875,1122,7.02286808608264
BRA,Brazil,1876,1081,6.98564181763921
BRA,Brazil,1877,1050,6.95654544315157
BRA,Brazil,1878,1101,7.00397413672268
BRA,Brazil,1879,1109,7.01121398735037
BRA,Brazil,1880,1058,6.96413561241825
BRA,Brazil,1881,1068,6.97354301952014
BRA,Brazil,1882,1093,6.99668148817654
BRA,Brazil,1883,1063,6.96885037834195
BRA,Brazil,1884,1135,7.0343879299155
BRA,Brazil,1885,1055,6.96129604591017
BRA,Brazil,1886,1089,6.99301512293296
BRA,Brazil,1887,1017,6.92461239604856
BRA,Brazil,1888,977,6.88448665204278
BRA,Brazil,1889,991,6.89871453432999
BRA,Brazil,1890,1084,6.98841318199959
BRA,Brazil,1891,1152,7.04925484125584
BRA,Brazil,1892,999,6.90675477864855
BRA,Brazil,1893,850,6.74523634948436
BRA,Brazil,1894,850,6.74523634948436
BRA,Brazil,1895,1007,6.91473089271856
BRA,Brazil,1896,915,6.81892406527552
BRA,Brazil,1897,901,6.80350525760834
BRA,Brazil,1898,923,6.82762923450285
BRA,Brazil,1899,905,6.80793494369993
BRA,Brazil,1900,874,6.77308037565554
BRA,Brazil,1901,940,6.84587987526405
BRA,Brazil,1902,921,6.82546003625531
BRA,Brazil,1903,920,6.82437367004309
BRA,Brazil,1904,918,6.82219739062049
BRA,Brazil,1905,925,6.82979373751243
BRA,Brazil,1906,993,6.90073066404517
BRA,Brazil,1907,972,6.87935580446044
BRA,Brazil,1908,945,6.85118492749374
BRA,Brazil,1909,999,6.90675477864855
BRA,Brazil,1910,990,6.89770494312864
BRA,Brazil,1911,1076,6.98100574072173
BRA,Brazil,1912,1042,6.94889722231331
BRA,Brazil,1913,1046,6.95272864462487
BRA,Brazil,1914,1004,6.91174730025167
BRA,Brazil,1915,1028,6.93537044601511
BRA,Brazil,1916,1036,6.94312242281943
BRA,Brazil,1917,1086,6.99025650049388
BRA,Brazil,1918,1041,6.94793706861497
BRA,Brazil,1919,1154,7.05098944706805
BRA,Brazil,1920,1242,7.12447826249342
BRA,Brazil,1921,1242,7.12447826249342
BRA,Brazil,1922,1301,7.17088847851251
BRA,Brazil,1923,1347,7.20563517641036
BRA,Brazil,1924,1320,7.18538701558042
BRA,Brazil,1925,1298,7.16857989726404
BRA,Brazil,1926,1299,7.1693500166706
BRA,Brazil,1927,1366,7.21964204013074
BRA,Brazil,1928,1492,7.30787278076371
BRA,Brazil,1929,1465,7.28961052145117
BRA,Brazil,1930,1350,7.20785987143248
BRA,Brazil,1931,1294,7.16549347506085
BRA,Brazil,1932,1312,7.17930796950403
BRA,Brazil,1933,1387,7.23489842031483
BRA,Brazil,1934,1471,7.29369772060144
BRA,Brazil,1935,1482,7.30114780585603
BRA,Brazil,1936,1591,7.37211802833779
BRA,Brazil,1937,1610,7.38398945797851
BRA,Brazil,1938,1643,7.40427911803727
BRA,Brazil,1939,1627,7.39449310721904
BRA,Brazil,1940,1610,7.38398945797851
BRA,Brazil,1941,1683,7.42833319419081
BRA,Brazil,1942,1584,7.36770857237437
BRA,Brazil,1943,1763,7.47477218239787
BRA,Brazil,1944,1785,7.48717369421374
BRA,Brazil,1945,1792,7.49108759353488
BRA,Brazil,1946,1934,7.56734567601324
BRA,Brazil,1947,1956,7.57865685059476
BRA,Brazil,1948,2096,7.64778604544093
BRA,Brazil,1949,2204,7.69802917027281
BRA,Brazil,1950,2236,7.71244383427499
BRA,Brazil,1951,2279,7.73149202924568
BRA,Brazil,1952,2377,7.77359446736019
BRA,Brazil,1953,2418,7.79069603117474
BRA,Brazil,1954,2531,7.83636976054512
BRA,Brazil,1955,2675,7.89170465933011
BRA,Brazil,1956,2672,7.89058253465654
BRA,Brazil,1957,2793,7.93487156594518
BRA,Brazil,1958,3005,8.00803284696931
BRA,Brazil,1959,3201,8.07121853996986
BRA,Brazil,1960,3398,8.13094230223188
BRA,Brazil,1961,3585,8.18451375303372
BRA,Brazil,1962,3711,8.2190566610606
BRA,Brazil,1963,3623,8.19505769089508
BRA,Brazil,1964,3637,8.19891444498699
BRA,Brazil,1965,3617,8.1934002319521
BRA,Brazil,1966,3747,8.22871079879369
BRA,Brazil,1967,3795,8.24143968982973
BRA,Brazil,1968,4050,8.30647216010059
BRA,Brazil,1969,4313,8.36938899664784
BRA,Brazil,1970,4635,8.44139147799996
BRA,Brazil,1971,5024,8.52198170814804
BRA,Brazil,1972,5480,8.60886037994206
BRA,Brazil,1973,6086,8.71374633045692
BRA,Brazil,1974,6416,8.76655014954635
BRA,Brazil,1975,6582,8.79209392950328
BRA,Brazil,1976,7079,8.86488793377419
BRA,Brazil,1977,7248,8.88848084772282
BRA,Brazil,1978,7425,8.9126079636709
BRA,Brazil,1979,7736,8.95364003713313
BRA,Brazil,1980,8249,9.01784725986073
BRA,Brazil,1981,7709,8.95014375645926
BRA,Brazil,1982,7587,8.93419153533808
BRA,Brazil,1983,7203,8.88225288488936
BRA,Brazil,1984,7438,8.91435727448502
BRA,Brazil,1985,7862,8.96979630598181
BRA,Brazil,1986,8281,9.0217190130337
BRA,Brazil,1987,8402,9.03622505172933
BRA,Brazil,1988,8230,9.01554129367112
BRA,Brazil,1989,8333,9.02797881438221
BRA,Brazil,1990,7842,8.96724918285228
BRA,Brazil,1991,7888.0485,8.97310404484369
BRA,Brazil,1992,7812.7943,8.96351796373515
BRA,Brazil,1993,8166.2356,9.00776332279813
BRA,Brazil,1994,8615.6887,9.06134008772854
BRA,Brazil,1995,8951.6944,9.09959811178618
BRA,Brazil,1996,9124.5161,9.11872014690756
BRA,Brazil,1997,9409.9465,9.14952254712224
BRA,Brazil,1998,9419.1079,9.15049566032574
BRA,Brazil,1999,9441.7589,9.1528975659359
BRA,Brazil,2000,9834.4244,9.19364420343685
BRA,Brazil,2001,9953.3095,9.2056603879145
BRA,Brazil,2002,10245.0689,9.23455178588221
BRA,Brazil,2003,10354.5954,9.24518570015468
BRA,Brazil,2004,10949.6601,9.30106369366697
BRA,Brazil,2005,11305.7717,9.33306864421339
BRA,Brazil,2006,11766.6057,9.37302077293674
BRA,Brazil,2007,12500.0064,9.43348443529026
BRA,Brazil,2008,13164.0113,9.48524196846456
BRA,Brazil,2009,13180.8909,9.48652340061274
BRA,Brazil,2010,14215.6126,9.56209611847837
BRA,Brazil,2011,14831,9.60447486374196
BRA,Brazil,2012,14985,9.61480497975076
BRA,Brazil,2013,15306,9.63600018736987
BRA,Brazil,2014,15258,9.63285923465018
BRA,Brazil,2015,15826,9.66940943616914
BRA,Brazil,2016,13873,9.53769978408073
BRA,Brazil,2017,13951.5999,9.54334946884537
BRA,Brazil,2018,14033.5656,9.54920728193428
CHN,China,1821,843,6.73696695800186
CHN,China,1822,843.333333333333,6.73736229305346
CHN,China,1823,843.666666666667,6.73775747187701
CHN,China,1824,844,6.73815249459596
CHN,China,1825,844.333333333333,6.73854736133357
CHN,China,1826,844.666666666667,6.73894207221298
CHN,China,1827,845,6.73933662735717
CHN,China,1828,845.333333333333,6.73973102688901
CHN,China,1829,845.666666666667,6.74012527093117
CHN,China,1830,846,6.74051935960622
CHN,China,1831,846.3,6.74087390667606
CHN,China,1832,846.6,6.74122832808682
CHN,China,1833,846.9,6.74158262392755
CHN,China,1834,847.2,6.7419367942872
CHN,China,1835,847.5,6.74229083925461
CHN,China,1836,847.8,6.74264475891854
CHN,China,1837,848.1,6.74299855336765
CHN,China,1838,848.4,6.74335222269053
CHN,China,1839,848.7,6.74370576697563
CHN,China,1840,849,6.74405918631135
CHN,China,1841,849.9,6.74511869550458
CHN,China,1842,850.8,6.74617708332608
CHN,China,1843,851.7,6.74723435214704
CHN,China,1844,852.6,6.74829050433111
CHN,China,1845,853.5,6.7493455422345
CHN,China,1846,854.4,6.75039946820593
CHN,China,1847,855.3,6.75145228458674
CHN,China,1848,856.2,6.75250399371085
CHN,China,1849,857.1,6.75355459790484
CHN,China,1850,858,6.75460409948796
CHN,China,1851,862.35,6.75966122073741
CHN,China,1852,866.7,6.7646928961403
CHN,China,1853,871.05,6.76969938048617
CHN,China,1854,875.4,6.7746809247568
CHN,China,1855,879.75,6.77963777620169
CHN,China,1856,884.1,6.78457017841176
CHN,China,1857,888.45,6.78947837139108
CHN,China,1858,892.8,6.79436259162705
CHN,China,1859,897.15,6.79922307215868
CHN,China,1860,901.5,6.80406004264337
CHN,China,1861,905.85,6.80887372942202
CHN,China,1862,910.2,6.81366435558254
CHN,China,1863,914.55,6.81843214102194
CHN,China,1864,918.9,6.82317730250684
CHN,China,1865,923.25,6.82790005373267
CHN,China,1866,927.6,6.83260060538138
CHN,China,1867,931.95,6.83727916517781
CHN,China,1868,936.3,6.84193593794484
CHN,China,1869,940.65,6.84657112565714
CHN,China,1870,945,6.85118492749374
CHN,China,1871,943.058823529412,6.84912865982838
CHN,China,1872,941.117647058824,6.8470681552125
CHN,China,1873,939.176470588235,6.84500339614953
CHN,China,1874,937.235294117647,6.84293436503429
CHN,China,1875,935.294117647059,6.84086104415211
CHN,China,1876,933.352941176471,6.83878341567787
CHN,China,1877,931.411764705882,6.83670146167516
CHN,China,1878,929.470588235294,6.83461516409528
CHN,China,1879,927.529411764706,6.83252450477634
CHN,China,1880,925.588235294118,6.83042946544229
CHN,China,1881,923.647058823529,6.82833002770199
CHN,China,1882,921.705882352941,6.82622617304819
CHN,China,1883,919.764705882353,6.82411788285663
CHN,China,1884,917.823529411765,6.82200513838497
CHN,China,1885,915.882352941177,6.81988792077183
CHN,China,1886,913.941176470588,6.81776621103579
CHN,China,1887,912,6.81563999007433
CHN,China,1888,929.333333333333,6.83446748321231
CHN,China,1889,946.666666666667,6.85294704248714
CHN,China,1890,964,6.87109129461055
CHN,China,1891,964.8,6.87192082597292
CHN,China,1892,965.6,6.87274966978332
CHN,China,1893,966.4,6.87357782718055
CHN,China,1894,967.2,6.87440529930058
CHN,China,1895,968,6.87523208727658
CHN,China,1896,968.8,6.87605819223888
CHN,China,1897,969.6,6.87688361531505
CHN,China,1898,970.4,6.87770835762984
CHN,China,1899,971.2,6.87853242030523
CHN,China,1900,972,6.87935580446044
CHN,China,1901,965.909090909091,6.87306972099425
CHN,China,1902,959.818181818182,6.86674387258519
CHN,China,1903,953.727272727273,6.86037775293312
CHN,China,1904,947.636363636364,6.85397084600631
CHN,China,1905,941.545454545455,6.84752262579051
CHN,China,1906,935.454545454546,6.84103255602973
CHN,China,1907,929.363636363636,6.83450008995864
CHN,China,1908,923.272727272727,6.8279246700262
CHN,China,1909,917.181818181818,6.82130572761001
CHN,China,1910,911.090909090909,6.8146426827213
CHN,China,1911,905,6.80793494369993
CHN,China,1912,945,6.85118492749374
CHN,China,1913,985,6.89264164117209
CHN,China,1914,986.125,6.89378312141525
CHN,China,1915,987.25,6.89492330016676
CHN,China,1916,988.375,6.89606218039109
CHN,China,1917,989.5,6.89719976504262
CHN,China,1918,990.625,6.89833605706565
CHN,China,1919,991.75,6.89947105939444
CHN,China,1920,992.875,6.9006047749533
CHN,China,1921,994,6.90173720665657
CHN,China,1922,995.125,6.90286835740874
CHN,China,1923,996.25,6.90399823010443
CHN,China,1924,997.375,6.90512682762845
CHN,China,1925,998.5,6.90625415285587
CHN,China,1926,999.625,6.90738020865205
CHN,China,1927,1000.75,6.90850499787268
CHN,China,1928,1001.875,6.90962852336382
CHN,China,1929,1003,6.91075078796194
CHN,China,1930,1012,6.91968384984741
CHN,China,1931,1015,6.92264389147589
CHN,China,1932,1039,6.94601399109923
CHN,China,1933,923,6.82762923450285
CHN,China,1934,937,6.84268328223842
CHN,China,1935,1007,6.91473089271856
CHN,China,1936,1065,6.97073007814353
CHN,China,1937,1034,6.94119005506837
CHN,China,1938,1003,6.91075078796194
CHN,China,1939,986,6.89365635460264
CHN,China,1940,969,6.87626461189077
CHN,China,1941,952,6.85856503479137
CHN,China,1942,935,6.84054652928869
CHN,China,1943,918,6.82219739062049
CHN,China,1944,901,6.80350525760834
CHN,China,1945,884,6.78445706263764
CHN,China,1946,867,6.76503897678054
CHN,China,1947,850,6.74523634948436
CHN,China,1948,833,6.72503364216684
CHN,China,1949,816,6.70441435496411
CHN,China,1950,799,6.68336094576628
CHN,China,1951,950,6.85646198459459
CHN,China,1952,1047,6.95368421087054
CHN,China,1953,1157,7.05358572719368
CHN,China,1954,1049,6.9555926083963
CHN,China,1955,1119,7.02019070831193
CHN,China,1956,1189,7.08086789669078
CHN,China,1957,1195,7.08590146436561
CHN,China,1958,1173,7.06731984865348
CHN,China,1959,1117,7.0184017990692
CHN,China,1960,1057,6.96318998587024
CHN,China,1961,874,6.77308037565554
CHN,China,1962,926,6.83087423464618
CHN,China,1963,1034,6.94119005506837
CHN,China,1964,1152,7.04925484125584
CHN,China,1965,1253,7.13329595489607
CHN,China,1966,1261,7.13966033596492
CHN,China,1967,1237,7.12044437239249
CHN,China,1968,1178,7.07157336421153
CHN,China,1969,1264,7.1420365747068
CHN,China,1970,1398,7.24279792279376
CHN,China,1971,1446,7.27655640271871
CHN,China,1972,1431,7.26612877955645
CHN,China,1973,1513,7.32184971378836
CHN,China,1974,1519,7.32580750259577
CHN,China,1975,1594,7.37400185935016
CHN,China,1976,1519,7.32580750259577
CHN,China,1977,1583,7.36707705988101
CHN,China,1978,1744,7.46393660446893
CHN,China,1979,1859,7.52779398772144
CHN,China,1980,1930,7.56527528189893
CHN,China,1981,1962,7.58171964012531
CHN,China,1982,2128,7.66293785046154
CHN,China,1983,2227,7.70841066725737
CHN,China,1984,2444,7.80139132029149
CHN,China,1985,2619,7.87054784450771
CHN,China,1986,2748,7.91862865334224
CHN,China,1987,2931,7.98309894071089
CHN,China,1988,3045,8.021256180144
CHN,China,1989,3022,8.01367414283268
CHN,China,1990,2982,8.00034949532468
CHN,China,1991,3051.3151,8.0233279569978
CHN,China,1992,3227.7441,8.07953875115447
CHN,China,1993,3506.4801,8.16236799278619
CHN,China,1994,3730.1641,8.2242075063082
CHN,China,1995,3999.7292,8.29398193781028
CHN,China,1996,4219.6442,8.34750609067933
CHN,China,1997,4310.8282,8.36888532241048
CHN,China,1998,4309.8472,8.36865773003315
CHN,China,1999,4466.7363,8.40441328670162
CHN,China,2000,4730.3544,8.46175540468339
CHN,China,2001,4995.1447,8.51622165963203
CHN,China,2002,5343.1123,8.58356358989149
CHN,China,2003,5649.4632,8.6393158107773
CHN,China,2004,6067.5912,8.71071696839014
CHN,China,2005,6626.5918,8.79884589369192
CHN,China,2006,7271.0357,8.89165402255411
CHN,China,2007,7895.7129,8.9740752202699
CHN,China,2008,8190.1121,9.01068286417713
CHN,China,2009,8734.0406,9.07498338253482
CHN,China,2010,9658.4186,9.17558520780113
CHN,China,2011,10221,9.23219970632908
CHN,China,2012,10680,9.27612811251419
CHN,China,2013,11328,9.3350328159335
CHN,China,2014,11944,9.38798433921903
CHN,China,2015,12244,9.4127913000653
CHN,China,2016,12569,9.43898874392484
CHN,China,2017,12733.9314,9.45202547340996
CHN,China,2018,13101.7064,9.48049776024819
DEU,Germany,1821,1574,7.36137542897735
DEU,Germany,1822,1598.20689655172,7.37663759013048
DEU,Germany,1823,1622.41379310345,7.39167031502705
DEU,Germany,1824,1646.62068965517,7.40648039986201
DEU,Germany,1825,1670.8275862069,7.42107434326413
DEU,Germany,1826,1695.03448275862,7.43545836341801
DEU,Germany,1827,1719.24137931035,7.44963841397207
DEU,Germany,1828,1743.44827586207,7.46362019883427
DEU,Germany,1829,1767.65517241379,7.47740918594767
DEU,Germany,1830,1791.86206896552,7.49101062012915
DEU,Germany,1831,1816.06896551724,7.50442953504656
DEU,Germany,1832,1840.27586206897,7.51767076440288
DEU,Germany,1833,1864.48275862069,7.53073895238958
DEU,Germany,1834,1888.68965517241,7.54363856346565
DEU,Germany,1835,1912.89655172414,7.55637389151395
DEU,Germany,1836,1937.10344827586,7.56894906842174
DEU,Germany,1837,1961.31034482759,7.58136807212844
DEU,Germany,1838,1985.51724137931,7.59363473417969
DEU,Germany,1839,2009.72413793103,7.60575274682376
DEU,Germany,1840,2033.93103448276,7.61772566968301
DEU,Germany,1841,2058.13793103448,7.62955693603077
DEU,Germany,1842,2082.34482758621,7.64124985870115
DEU,Germany,1843,2106.55172413793,7.65280763565734
DEU,Germany,1844,2130.75862068966,7.66423335524177
DEU,Germany,1845,2154.96551724138,7.67553000112972
DEU,Germany,1846,2179.1724137931,7.68670045700627
DEU,Germany,1847,2203.37931034483,7.69774751098479
DEU,Germany,1848,2227.58620689655,7.70867385978422
DEU,Germany,1849,2251.79310344828,7.71948211268039
DEU,Germany,1850,2276,7.73017479524622
DEU,Germany,1851,2244,7.71601526664259
DEU,Germany,1852,2273,7.72885582385254
DEU,Germany,1853,2252,7.71957398925958
DEU,Germany,1854,2300,7.74066440191724
DEU,Germany,1855,2263,7.72444664563354
DEU,Germany,1856,2440,7.79975331828725
DEU,Germany,1857,2541,7.84031298332016
DEU,Germany,1858,2509,7.82763954636642
DEU,Germany,1859,2495,7.82204400818562
DEU,Germany,1860,2613,7.86825426552061
DEU,Germany,1861,2523,7.83320394864106
DEU,Germany,1862,2622,7.87169266432365
DEU,Germany,1863,2788,7.93307977188042
DEU,Germany,1864,2837,7.95050243480885
DEU,Germany,1865,2821,7.944846711002
DEU,Germany,1866,2823,7.94555542825349
DEU,Germany,1867,2815,7.94271754057379
DEU,Germany,1868,2966,7.99496952269788
DEU,Germany,1869,2965,7.99463231143183
DEU,Germany,1870,2931,7.98309894071089
DEU,Germany,1871,2896,7.97108575350561
DEU,Germany,1872,3078,8.03203531439882
DEU,Germany,1873,3186,8.06652149046999
DEU,Germany,1874,3386,8.12740456269308
DEU,Germany,1875,3366,8.12148037475075
DEU,Germany,1876,3301,8.10198073185319
DEU,Germany,1877,3241,8.08363720314155
DEU,Germany,1878,3352,8.11731246160198
DEU,Germany,1879,3234,8.08147504013705
DEU,Germany,1880,3174,8.06274790108635
DEU,Germany,1881,3228,8.07961802938984
DEU,Germany,1882,3258,8.08886878916199
DEU,Germany,1883,3416,8.13622555490846
DEU,Germany,1884,3472,8.15248607578024
DEU,Germany,1885,3532,8.16961956172385
DEU,Germany,1886,3524,8.16735198705607
DEU,Germany,1887,3626,8.1958853913148
DEU,Germany,1888,3732,8.22469956196724
DEU,Germany,1889,3792,8.24064886337491
DEU,Germany,1890,3870,8.26100978602383
DEU,Germany,1891,3821,8.2482674474469
DEU,Germany,1892,3936,8.27792025817214
DEU,Germany,1893,4089,8.31605572036464
DEU,Germany,1894,4141,8.32869258354557
DEU,Germany,1895,4281,8.36194190614495
DEU,Germany,1896,4368,8.38206051742474
DEU,Germany,1897,4423,8.39457347786833
DEU,Germany,1898,4540,8.42068229103539
DEU,Germany,1899,4631,8.44052810648075
DEU,Germany,1900,4758,8.4675826908629
DEU,Germany,1901,4576,8.42858053305963
DEU,Germany,1902,4611,8.43620003220671
DEU,Germany,1903,4795,8.47532898731754
DEU,Germany,1904,4914,8.49984355308112
DEU,Germany,1905,4948,8.50673873351238
DEU,Germany,1906,5024,8.52198170814804
DEU,Germany,1907,5172,8.55101473989175
DEU,Germany,1908,5187,8.5539107743514
DEU,Germany,1909,5220,8.56025268087669
DEU,Germany,1910,5337,8.58241897633394
DEU,Germany,1911,5432,8.60006266923853
DEU,Germany,1912,5617,8.63355299253243
DEU,Germany,1913,5815,8.66819606495277
DEU,Germany,1914,4876,8.49208049060116
DEU,Germany,1915,4621,8.43836641087027
DEU,Germany,1916,4678,8.45062594714412
DEU,Germany,1917,4705,8.45638105201948
DEU,Germany,1918,4755,8.46695197497949
DEU,Germany,1919,4122,8.3240937614504
DEU,Germany,1920,4457,8.40223117294656
DEU,Germany,1921,4906,8.49821422481844
DEU,Germany,1922,5310,8.57734711423598
DEU,Germany,1923,4383,8.38548870041881
DEU,Germany,1924,5099,8.53679972105516
DEU,Germany,1925,5630,8.63586472113374
DEU,Germany,1926,5746,8.65625923953924
DEU,Germany,1927,6282,8.74544368009859
DEU,Germany,1928,6519,8.78247626892454
DEU,Germany,1929,6457,8.77292009262647
DEU,Germany,1930,6333,8.75352933651643
DEU,Germany,1931,5821,8.66922734727174
DEU,Germany,1932,5359,8.58653266949485
DEU,Germany,1933,5668,8.64259160081057
DEU,Germany,1934,6150,8.72420736080056
DEU,Germany,1935,6567,8.78981238619097
DEU,Germany,1936,7095,8.86714558959414
DEU,Germany,1937,7468,8.91838250466161
DEU,Germany,1938,7960,8.98218427883843
DEU,Germany,1939,8617,9.06149227523977
DEU,Germany,1940,8612,9.06091185848425
DEU,Germany,1941,9103,9.11635930850529
DEU,Germany,1942,9149,9.12139986267954
DEU,Germany,1943,9389,9.14729407025855
DEU,Germany,1944,9698,9.1796749576653
DEU,Germany,1945,7195,8.88114161932147
DEU,Germany,1946,3534,8.17018565287964
DEU,Germany,1947,3883,8.26436332973167
DEU,Germany,1948,4517,8.4156033356546
DEU,Germany,1949,5231,8.56235774337061
DEU,Germany,1950,6186,8.73004395324502
DEU,Germany,1951,6704,8.81045964216192
DEU,Germany,1952,7257,8.88972179927814
DEU,Germany,1953,7818,8.9641840463529
DEU,Germany,1954,8364,9.03169206054852
DEU,Germany,1955,9240,9.13129716463573
DEU,Germany,1956,9846,9.19482056031815
DEU,Germany,1957,10348,9.24454854330592
DEU,Germany,1958,10739,9.28163725385822
DEU,Germany,1959,11440,9.34487126493379
DEU,Germany,1960,12282,9.41589005488934
DEU,Germany,1961,12675,9.44738682845938
DEU,Germany,1962,13106,9.48082541959944
DEU,Germany,1963,13367,9.50054426197147
DEU,Germany,1964,14062,9.55123140275911
DEU,Germany,1965,14642,9.59164939020659
DEU,Germany,1966,14964,9.61340259546804
DEU,Germany,1967,14979,9.61440449916872
DEU,Germany,1968,15723,9.66287988747028
DEU,Germany,1969,16641,9.71962480872334
DEU,Germany,1970,17277,9.75713141617478
DEU,Germany,1971,17657,9.7788875843028
DEU,Germany,1972,18301,9.81471098214528
DEU,Germany,1973,19074,9.85608143013886
DEU,Germany,1974,19228,9.86412282901385
DEU,Germany,1975,19193,9.86230090820588
DEU,Germany,1976,20218,9.914328575714
DEU,Germany,1977,20837,9.9444855315702
DEU,Germany,1978,21447,9.97334005443496
DEU,Germany,1979,22305,10.0125661475624
DEU,Germany,1980,22497,10.0211372459695
DEU,Germany,1981,22553,10.0236233737761
DEU,Germany,1982,22380,10.0159229818659
DEU,Germany,1983,22840,10.03626866377
DEU,Germany,1984,23564,10.0674754026416
DEU,Germany,1985,24133,10.0913354774556
DEU,Germany,1986,24657,10.1128161148166
DEU,Germany,1987,25027,10.1277105210699
DEU,Germany,1988,25759,10.156539359589
DEU,Germany,1989,26393,10.1808541024604
DEU,Germany,1990,25391,10.142150059508
DEU,Germany,1991,26769.9603,10.1950356535099
DEU,Germany,1992,27385.0556,10.2177527275243
DEU,Germany,1993,27250.7006,10.2128345098526
DEU,Germany,1994,28140.0559,10.2449493171625
DEU,Germany,1995,28868.9462,10.2705217704321
DEU,Germany,1996,29349.9828,10.2870472392254
DEU,Germany,1997,30186.9444,10.3151648052566
DEU,Germany,1998,31129.5844,10.3459139128808
DEU,Germany,1999,32087.604,10.3762250663117
DEU,Germany,2000,33367.2838,10.4153311719687
DEU,Germany,2001,34260.2876,10.4417421664722
DEU,Germany,2002,34590.9302,10.451346793735
DEU,Germany,2003,34716.4405,10.4549686433574
DEU,Germany,2004,35528.7135,10.4780964795219
DEU,Germany,2005,36205.575,10.4969683914811
DEU,Germany,2006,38014.1369,10.5457133932091
DEU,Germany,2007,39752.2067,10.590420633007
DEU,Germany,2008,40715.4342,10.6143625182187
DEU,Germany,2009,38962.9387,10.5703661835566
DEU,Germany,2010,41109.5818,10.6239965071328
DEU,Germany,2011,43189,10.6733411121789
DEU,Germany,2012,43320,10.6763697011149
DEU,Germany,2013,43413,10.6785142144061
DEU,Germany,2014,43922,10.6901706124872
DEU,Germany,2015,44293,10.6985819300038
DEU,Germany,2016,44689,10.7074826653066
DEU,Germany,2017,45619.7846,10.7280967742139
DEU,Germany,2018,46177.6187,10.7402505159661
GBR,United Kingdom,1821,3308,8.10409905614358
GBR,United Kingdom,1822,3315,8.10621290261996
GBR,United Kingdom,1823,3359,8.11939858961229
GBR,United Kingdom,1824,3492,8.15822991695949
GBR,United Kingdom,1825,3521,8.16650031915505
GBR,United Kingdom,1826,3290,8.09864284375942
GBR,United Kingdom,1827,3499,8.16023249236769
GBR,United Kingdom,1828,3461,8.14931284363535
GBR,United Kingdom,1829,3443,8.14409846333852
GBR,United Kingdom,1830,3550,8.17470288246946
GBR,United Kingdom,1831,3545,8.17329343896623
GBR,United Kingdom,1832,3612,8.19201691453688
GBR,United Kingdom,1833,3599,8.18841130807903
GBR,United Kingdom,1834,3639,8.19946419761216
GBR,United Kingdom,1835,3861,8.25868149626424
GBR,United Kingdom,1836,3937,8.27817429094374
GBR,United Kingdom,1837,3857,8.25764495820823
GBR,United Kingdom,1838,3963,8.28475659319044
GBR,United Kingdom,1839,3881,8.26384813136891
GBR,United Kingdom,1840,4018,8.29853954537488
GBR,United Kingdom,1841,3894,8.26719218593215
GBR,United Kingdom,1842,3808,8.24485939591126
GBR,United Kingdom,1843,3950,8.28147085789517
GBR,United Kingdom,1844,4245,8.35349709874545
GBR,United Kingdom,1845,4387,8.38640090116621
GBR,United Kingdom,1846,4334,8.3742461820963
GBR,United Kingdom,1847,4234,8.35090245169481
GBR,United Kingdom,1848,4361,8.38045666784277
GBR,United Kingdom,1849,4422,8.39434736141739
GBR,United Kingdom,1850,4332,8.37378460812088
GBR,United Kingdom,1851,4477,8.40670845824097
GBR,United Kingdom,1852,4626,8.43944784279139
GBR,United Kingdom,1853,4734,8.46252579007393
GBR,United Kingdom,1854,4909,8.49882553405805
GBR,United Kingdom,1855,4748,8.46547875572956
GBR,United Kingdom,1856,5013,8.5197898172635
GBR,United Kingdom,1857,5019,8.52098598965493
GBR,United Kingdom,1858,4879,8.49269555981584
GBR,United Kingdom,1859,5031,8.52337405049132
GBR,United Kingdom,1860,5086,8.53424694598207
GBR,United Kingdom,1861,5024,8.52198170814804
GBR,United Kingdom,1862,4764,8.46884293047519
GBR,United Kingdom,1863,5165,8.54966038155374
GBR,United Kingdom,1864,5255,8.56693528331105
GBR,United Kingdom,1865,5333,8.5816692106006
GBR,United Kingdom,1866,5451,8.60355435706428
GBR,United Kingdom,1867,5424,8.59858882962023
GBR,United Kingdom,1868,5636,8.63692987301857
GBR,United Kingdom,1869,5635,8.63675242647388
GBR,United Kingdom,1870,5829,8.67060073804555
GBR,United Kingdom,1871,5797,8.66509582133973
GBR,United Kingdom,1872,5769,8.66025403425689
GBR,United Kingdom,1873,5842,8.67282848294769
GBR,United Kingdom,1874,5874,8.67829111175857
GBR,United Kingdom,1875,5950,8.69114649853968
GBR,United Kingdom,1876,5938,8.68912765532371
GBR,United Kingdom,1877,5923,8.68659835627697
GBR,United Kingdom,1878,5879,8.67914195840226
GBR,United Kingdom,1879,5786,8.66319648553608
GBR,United Kingdom,1880,5997,8.69901462316851
GBR,United Kingdom,1881,6146,8.72355674269043
GBR,United Kingdom,1882,6269,8.74337213127397
GBR,United Kingdom,1883,6264,8.74257423767064
GBR,United Kingdom,1884,6220,8.73552518573323
GBR,United Kingdom,1885,6132,8.7212762399917
GBR,United Kingdom,1886,6170,8.72745411689943
GBR,United Kingdom,1887,6358,8.75746914147075
GBR,United Kingdom,1888,6585,8.79254961417738
GBR,United Kingdom,1889,6876,8.83579236650274
GBR,United Kingdom,1890,6845,8.83127373772255
GBR,United Kingdom,1891,6781,8.82187986268384
GBR,United Kingdom,1892,6553,8.7876782390395
GBR,United Kingdom,1893,6486,8.77740128686726
GBR,United Kingdom,1894,6851,8.8321499060029
GBR,United Kingdom,1895,6996,8.85309383613849
GBR,United Kingdom,1896,7211,8.88336291691676
GBR,United Kingdom,1897,7229,8.8858559930003
GBR,United Kingdom,1898,7500,8.9226582995244
GBR,United Kingdom,1899,7729,8.95273476710687
GBR,United Kingdom,1900,7594,8.93511374079175
GBR,United Kingdom,1901,7516,8.92478936053336
GBR,United Kingdom,1902,7635,8.94049821765273
GBR,United Kingdom,1903,7482,8.92025541490809
GBR,United Kingdom,1904,7455,8.91664022719884
GBR,United Kingdom,1905,7603,8.93629818522844
GBR,United Kingdom,1906,7782,8.9595686535445
GBR,United Kingdom,1907,7855,8.96890555068972
GBR,United Kingdom,1908,7461,8.91744473247151
GBR,United Kingdom,1909,7557,8.93022956502072
GBR,United Kingdom,1910,7718,8.95131054209756
GBR,United Kingdom,1911,7874,8.97132147150368
GBR,United Kingdom,1912,7954,8.98143022576764
GBR,United Kingdom,1913,8212,9.01335177813883
GBR,United Kingdom,1914,8131,9.00343919620784
GBR,United Kingdom,1915,8639,9.06404211435888
GBR,United Kingdom,1916,8702,9.07130816328063
GBR,United Kingdom,1917,8665,9.06704720214971
GBR,United Kingdom,1918,8630,9.06299978407747
GBR,United Kingdom,1919,7605,8.93656120469339
GBR,United Kingdom,1920,7017,8.85609105525229
GBR,United Kingdom,1921,6792,8.82350072799118
GBR,United Kingdom,1922,7391,8.90801832278489
GBR,United Kingdom,1923,7587,8.93419153533808
GBR,United Kingdom,1924,7844,8.96750418731624
GBR,United Kingdom,1925,8199,9.01176747459618
GBR,United Kingdom,1926,7868,8.97055917950895
GBR,United Kingdom,1927,8472,9.04452188728124
GBR,United Kingdom,1928,8539,9.05239918390761
GBR,United Kingdom,1929,8772,9.07932010953778
GBR,United Kingdom,1930,8673,9.06797003068446
GBR,United Kingdom,1931,8190,9.01066917684712
GBR,United Kingdom,1932,8206,9.01262087300213
GBR,United Kingdom,1933,8411,9.03729565196244
GBR,United Kingdom,1934,8939,9.09817900508785
GBR,United Kingdom,1935,9244,9.13172997139427
GBR,United Kingdom,1936,9620,9.17159954365975
GBR,United Kingdom,1937,9911,9.20140053040671
GBR,United Kingdom,1938,9988,9.20913965139966
GBR,United Kingdom,1939,9982,9.20853875002955
GBR,United Kingdom,1940,10928,9.29908358181057
GBR,United Kingdom,1941,11926,9.38647616968305
GBR,United Kingdom,1942,12176,9.40722208010147
GBR,United Kingdom,1943,12344,9.420925394043
GBR,United Kingdom,1944,11803,9.37610901542907
GBR,United Kingdom,1945,11247,9.32785670540402
GBR,United Kingdom,1946,10751,9.28275405248523
GBR,United Kingdom,1947,10527,9.26169866425133
GBR,United Kingdom,1948,10753,9.28294006439053
GBR,United Kingdom,1949,11088,9.31361872142968
GBR,United Kingdom,1950,11061,9.31118068690225
GBR,United Kingdom,1951,11354,9.33732538373067
GBR,United Kingdom,1952,11303,9.33282345619073
GBR,United Kingdom,1953,11709,9.36811305584872
GBR,United Kingdom,1954,12145,9.40467284143627
GBR,United Kingdom,1955,12541,9.43675855582405
GBR,United Kingdom,1956,12639,9.44454255064713
GBR,United Kingdom,1957,12779,9.4555584776087
GBR,United Kingdom,1958,12698,9.4491997797304
GBR,United Kingdom,1959,13134,9.48295956675092
GBR,United Kingdom,1960,13780,9.53097354456765
GBR,United Kingdom,1961,14118,9.55520585795542
GBR,United Kingdom,1962,14131,9.55612624458275
GBR,United Kingdom,1963,14583,9.58761174571357
GBR,United Kingdom,1964,15251,9.63240035365618
GBR,United Kingdom,1965,15545,9.65149432249285
GBR,United Kingdom,1966,15757,9.66503998996205
GBR,United Kingdom,1967,16018,9.68146836888363
GBR,United Kingdom,1968,16593,9.71673619866279
GBR,United Kingdom,1969,16820,9.73032393352694
GBR,United Kingdom,1970,17162,9.75045291636707
GBR,United Kingdom,1971,17440,9.76652169746297
GBR,United Kingdom,1972,18002,9.79823814181703
GBR,United Kingdom,1973,19168,9.86099750091518
GBR,United Kingdom,1974,18903,9.84707591861017
GBR,United Kingdom,1975,18884,9.84607028166618
GBR,United Kingdom,1976,19311,9.86843016072073
GBR,United Kingdom,1977,19740,9.89040231298747
GBR,United Kingdom,1978,20448,9.92564035717726
GBR,United Kingdom,1979,20988,9.9517061248066
GBR,United Kingdom,1980,20612,9.93362870944812
GBR,United Kingdom,1981,20319,9.91931168788301
GBR,United Kingdom,1982,20650,9.93547059838918
GBR,United Kingdom,1983,21366,9.96955615250583
GBR,United Kingdom,1984,21869,9.99282538788832
GBR,United Kingdom,1985,22579,10.0247755497433
GBR,United Kingdom,1986,23498,10.0646705901275
GBR,United Kingdom,1987,24536,10.1078967057941
GBR,United Kingdom,1988,25679,10.1534288162357
GBR,United Kingdom,1989,26164,10.1721396990811
GBR,United Kingdom,1990,26189,10.1730947542604
GBR,United Kingdom,1991,25792.0128,10.1578201415842
GBR,United Kingdom,1992,25790.1847,10.1577492605403
GBR,United Kingdom,1993,26349.342,10.1791985821207
GBR,United Kingdom,1994,27277.5428,10.2138190345868
GBR,United Kingdom,1995,27861.2158,10.2349908860083
GBR,United Kingdom,1996,28472.2482,10.2566851444884
GBR,United Kingdom,1997,29259.7638,10.2839686020877
GBR,United Kingdom,1998,30077.3845,10.3115288228205
GBR,United Kingdom,1999,30932.5362,10.3395638603776
GBR,United Kingdom,2000,31946.0363,10.3718033926418
GBR,United Kingdom,2001,32660.4414,10.3939198814362
GBR,United Kingdom,2002,33271.3025,10.41245051763
GBR,United Kingdom,2003,34232.4267,10.4409286229641
GBR,United Kingdom,2004,34865.7827,10.459261188851
GBR,United Kingdom,2005,35623.6256,10.4807643371776
GBR,United Kingdom,2006,36214.0688,10.4972029631965
GBR,United Kingdom,2007,36816.6771,10.5137062035663
GBR,United Kingdom,2008,36264.7906,10.4986025936184
GBR,United Kingdom,2009,34402.358,10.4458803875239
GBR,United Kingdom,2010,34754.4723,10.4560635419925
GBR,United Kingdom,2011,34971,10.4622744255879
GBR,United Kingdom,2012,35185,10.4683751344007
GBR,United Kingdom,2013,35618,10.480606407036
GBR,United Kingdom,2014,36436,10.5033125758647
GBR,United Kingdom,2015,36941,10.5170773243127
GBR,United Kingdom,2016,37334,10.5276597185925
GBR,United Kingdom,2017,37782.8283,10.5396100006145
GBR,United Kingdom,2018,38058.0856,10.546868840058
IND,India,1821,937,6.84268328223842
IND,India,1822,937.8,6.84353670665549
IND,India,1823,938.6,6.84438940336032
IND,India,1824,939.4,6.8452413735929
IND,India,1825,940.2,6.84609261859003
IND,India,1826,941,6.84694313958538
IND,India,1827,941.8,6.84779293780945
IND,India,1828,942.6,6.84864201448963
IND,India,1829,943.4,6.84949037085016
IND,India,1830,944.2,6.85033800811219
IND,India,1831,945,6.85118492749374
IND,India,1832,944.9,6.85107910178858
IND,India,1833,944.8,6.85097326488315
IND,India,1834,944.7,6.85086741677509
IND,India,1835,944.6,6.85076155746202
IND,India,1836,944.5,6.85065568694157
IND,India,1837,944.4,6.85054980521136
IND,India,1838,944.3,6.85044391226902
IND,India,1839,944.2,6.85033800811219
IND,India,1840,944.1,6.85023209273847
IND,India,1841,944,6.8501261661455
IND,India,1842,944.333333333333,6.85047921116241
IND,India,1843,944.666666666667,6.85083213158252
IND,India,1844,945,6.85118492749374
IND,India,1845,945.333333333333,6.85153759898391
IND,India,1846,945.666666666667,6.85189014614074
IND,India,1847,946,6.85224256905188
IND,India,1848,946.333333333333,6.85259486780486
IND,India,1849,946.666666666667,6.85294704248714
IND,India,1850,947,6.85329909318608
IND,India,1851,947,6.85329909318608
IND,India,1852,941.9,6.84789911182877
IND,India,1853,936.8,6.84246981228351
IND,India,1854,931.7,6.83701087445638
IND,India,1855,926.6,6.83152197298255
IND,India,1856,921.5,6.82600277710988
IND,India,1857,916.4,6.82045295057934
IND,India,1858,911.3,6.81487215150208
IND,India,1859,906.2,6.80926003223304
IND,India,1860,901.1,6.80361623924099
IND,India,1861,896,6.79794041297493
IND,India,1862,890.888888888889,6.79221971586623
IND,India,1863,885.777777777778,6.78646610399647
IND,India,1864,880.666666666667,6.78067919641416
IND,India,1865,875.555555555556,6.77485860551571
IND,India,1866,870.444444444445,6.76900393688956
IND,India,1867,865.333333333333,6.76311478915587
IND,India,1868,860.222222222222,6.75719075380137
IND,India,1869,855.111111111111,6.75123141500932
IND,India,1870,850,6.74523634948436
IND,India,1871,852,6.74758652682932
IND,India,1872,854,6.74993119378857
IND,India,1873,856,6.75227037614174
IND,India,1874,858,6.75460409948796
IND,India,1875,860,6.75693238924755
IND,India,1876,862,6.75925527066369
IND,India,1877,864,6.76157276880406
IND,India,1878,866,6.76388490856244
IND,India,1879,868,6.76619171466035
IND,India,1880,870,6.76849321164863
IND,India,1881,872,6.77078942390898
IND,India,1882,874,6.77308037565554
IND,India,1883,876,6.77536609093639
IND,India,1884,878,6.77764659363512
IND,India,1885,904,6.80682936039218
IND,India,1886,874,6.77308037565554
IND,India,1887,912,6.81563999007433
IND,India,1888,918,6.82219739062049
IND,India,1889,891,6.79234442747081
IND,India,1890,931,6.83625927727707
IND,India,1891,843,6.73696695800186
IND,India,1892,910,6.8134445995109
IND,India,1893,931,6.83625927727707
IND,India,1894,944,6.8501261661455
IND,India,1895,920,6.82437367004309
IND,India,1896,850,6.74523634948436
IND,India,1897,1004,6.91174730025167
IND,India,1898,1004,6.91174730025167
IND,India,1899,925,6.82979373751243
IND,India,1900,955,6.86171134048073
IND,India,1901,969,6.87626461189077
IND,India,1902,1044,6.95081476844258
IND,India,1903,1052,6.95844839329766
IND,India,1904,1050,6.95654544315157
IND,India,1905,1025,6.93244789157251
IND,India,1906,1047,6.95368421087054
IND,India,1907,979,6.88653164253051
IND,India,1908,987,6.89467003943348
IND,India,1909,1116,7.01750614294126
IND,India,1910,1111,7.01301578963963
IND,India,1911,1101,7.00397413672268
IND,India,1912,1098,7.00124562206948
IND,India,1913,1073,6.9782137426307
IND,India,1914,1130,7.02997291170639
IND,India,1915,1101,7.00397413672268
IND,India,1916,1132,7.03174125876313
IND,India,1917,1111,7.01301578963963
IND,India,1918,968,6.87523208727658
IND,India,1919,1100,7.00306545878646
IND,India,1920,1012,6.91968384984741
IND,India,1921,1082,6.98656645940643
IND,India,1922,1117,7.0184017990692
IND,India,1923,1070,6.97541392745595
IND,India,1924,1111,7.01301578963963
IND,India,1925,1113,7.01481435127555
IND,India,1926,1137,7.03614849375054
IND,India,1927,1125,7.02553831463852
IND,India,1928,1125,7.02553831463852
IND,India,1929,1160,7.05617528410041
IND,India,1930,1157,7.05358572719368
IND,India,1931,1133,7.03262426102801
IND,India,1932,1130,7.02997291170639
IND,India,1933,1116,7.01750614294126
IND,India,1934,1111,7.01301578963963
IND,India,1935,1084,6.98841318199959
IND,India,1936,1111,7.01301578963963
IND,India,1937,1078,6.98286275146894
IND,India,1938,1065,6.97073007814353
IND,India,1939,1074,6.97914527506881
IND,India,1940,1093,6.99668148817654
IND,India,1941,1101,7.00397413672268
IND,India,1942,1082,6.98656645940643
IND,India,1943,1113,7.01481435127555
IND,India,1944,1089,6.99301512293296
IND,India,1945,1058,6.96413561241825
IND,India,1946,991,6.89871453432999
IND,India,1947,985,6.89264164117209
IND,India,1948,983,6.89060912014717
IND,India,1949,995,6.90274273715859
IND,India,1950,987,6.89467003943348
IND,India,1951,993,6.90073066404517
IND,India,1952,1003,6.91075078796194
IND,India,1953,1047,6.95368421087054
IND,India,1954,1071,6.97634807044775
IND,India,1955,1078,6.98286275146894
IND,India,1956,1117,7.0184017990692
IND,India,1957,1084,6.98841318199959
IND,India,1958,1141,7.03966034986208
IND,India,1959,1143,7.04141166379481
IND,India,1960,1200,7.09007683577609
IND,India,1961,1208,7.09672137849476
IND,India,1962,1208,7.09672137849476
IND,India,1963,1242,7.12447826249342
IND,India,1964,1309,7.1770187659099
IND,India,1965,1229,7.11395610956603
IND,India,1966,1215,7.10249935577465
IND,India,1967,1286,7.15929190479756
IND,India,1968,1290,7.16239749735572
IND,India,1969,1347,7.20563517641036
IND,India,1970,1384,7.23273313617762
IND,India,1971,1364,7.21817683840341
IND,India,1972,1329,7.19218205871325
IND,India,1973,1360,7.2152399787301
IND,India,1974,1344,7.2034055210831
IND,India,1975,1430,7.26542972325395
IND,India,1976,1417,7.25629723969068
IND,India,1977,1494,7.30921236569276
IND,India,1978,1540,7.33953769540768
IND,India,1979,1427,7.26332961747684
IND,India,1980,1495,7.30988148582479
IND,India,1981,1557,7.350516171834
IND,India,1982,1570,7.35883089834235
IND,India,1983,1663,7.41637847919293
IND,India,1984,1690,7.43248380791712
IND,India,1985,1720,7.4500795698075
IND,India,1986,1755,7.47022413589997
IND,India,1987,1793,7.49164547360513
IND,India,1988,1938,7.56941179245071
IND,India,1989,2024,7.61283103040736
IND,India,1990,2087,7.6434829070772
IND,India,1991,2062.3102,7.63158208973192
IND,India,1992,2115.2574,7.65693178620294
IND,India,1993,2176.4278,7.68544018791744
IND,India,1994,2254.8989,7.72086041722884
IND,India,1995,2355.9632,7.76470492495509
IND,India,1996,2475.5681,7.81422518401712
IND,India,1997,2514.0217,7.82963902077563
IND,India,1998,2611.7814,7.86778779623556
IND,India,1999,2707.7406,7.90386983919288
IND,India,2000,2753.0855,7.92047756168904
IND,India,2001,2837.8555,7.95080394028559
IND,India,2002,2870.9236,7.96238906883003
IND,India,2003,3035.9225,8.01827061118048
IND,India,2004,3212.511,8.07480815332213
IND,India,2005,3396.6487,8.13054454803516
IND,India,2006,3629.4111,8.196825682693
IND,India,2007,3870.6989,8.26119036403388
IND,India,2008,4030.6544,8.30168402389217
IND,India,2009,4270.7078,8.35953485360994
IND,India,2010,4525.7455,8.41753759394522
IND,India,2011,4768,8.46968220874519
IND,India,2012,4932,8.50349986428424
IND,India,2013,5172,8.55101473989175
IND,India,2014,5458,8.60483770126828
IND,India,2015,5794,8.6645781783293
IND,India,2016,6125,8.72013403541293
IND,India,2017,6449.1134,8.77169794297735
IND,India,2018,6806.4986,8.82563311126677
JPN,Japan,1821,1400,7.24422751560335
JPN,Japan,1822,1401.4308,7.2452489937169
JPN,Japan,1823,1402.8616,7.24626942947756
JPN,Japan,1824,1404.2924,7.24728882501048
JPN,Japan,1825,1405.7232,7.24830718243429
JPN,Japan,1826,1407.154,7.24932450386119
JPN,Japan,1827,1408.5848,7.25034079139692
JPN,Japan,1828,1410.0156,7.2513560471408
JPN,Japan,1829,1411.4464,7.25237027318577
JPN,Japan,1830,1412.8772,7.25338347161842
JPN,Japan,1831,1414.308,7.25439564451898
JPN,Japan,1832,1415.7388,7.25540679396139
JPN,Japan,1833,1417.1696,7.25641692201329
JPN,Japan,1834,1418.6004,7.25742603073608
JPN,Japan,1835,1420.0312,7.25843412218492
JPN,Japan,1836,1421.462,7.25944119840873
JPN,Japan,1837,1422.8928,7.26044726145029
JPN,Japan,1838,1424.3236,7.2614523133462
JPN,Japan,1839,1425.7544,7.26245635612692
JPN,Japan,1840,1427.1852,7.26345939181682
JPN,Japan,1841,1428.616,7.26446142243416
JPN,Japan,1842,1430.0468,7.26546244999116
JPN,Japan,1843,1431.4776,7.26646247649398
JPN,Japan,1844,1432.9084,7.2674615039428
JPN,Japan,1845,1434.3392,7.26845953433177
JPN,Japan,1846,1435.77,7.26945656964913
JPN,Japan,1847,1435.8275,7.26949661704435
JPN,Japan,1848,1435.885,7.26953666283585
JPN,Japan,1849,1435.9425,7.26957670702375
JPN,Japan,1850,1436,7.26961674960817
JPN,Japan,1851,1443.2,7.27461814930836
JPN,Japan,1852,1450.4,7.27959465944064
JPN,Japan,1853,1457.6,7.28454652650569
JPN,Japan,1854,1464.8,7.2894739933603
JPN,Japan,1855,1472,7.29437729928882
JPN,Japan,1856,1479.2,7.29925668007292
JPN,Japan,1857,1486.4,7.30411236805957
JPN,Japan,1858,1493.6,7.30894459222751
JPN,Japan,1859,1500.8,7.31375357825196
JPN,Japan,1860,1508,7.3185395485679
JPN,Japan,1861,1515.2,7.32330272243181
JPN,Japan,1862,1522.4,7.32804331598194
JPN,Japan,1863,1529.6,7.33276154229714
JPN,Japan,1864,1536.8,7.33745761145435
JPN,Japan,1865,1544,7.34213173058472
JPN,Japan,1866,1551.2,7.34678410392844
JPN,Japan,1867,1558.4,7.35141493288827
JPN,Japan,1868,1565.6,7.35602441608187
JPN,Japan,1869,1572.8,7.3606127493929
JPN,Japan,1870,1580,7.36518012602101
JPN,Japan,1871,1586.8725,7.36952037703431
JPN,Japan,1872,1593.745,7.37384187164691
JPN,Japan,1873,1600.6175,7.37814477127315
JPN,Japan,1874,1607.49,7.38242923525261
JPN,Japan,1875,1618.50731818182,7.38925959493891
JPN,Japan,1876,1629.52463636364,7.39604361713457
JPN,Japan,1877,1640.54195454545,7.40278192631703
JPN,Japan,1878,1651.55927272727,7.40947513442433
JPN,Japan,1879,1662.57659090909,7.41612384118859
JPN,Japan,1880,1673.59390909091,7.42272863445845
JPN,Japan,1881,1684.61122727273,7.42929009051104
JPN,Japan,1882,1695.62854545455,7.43580877435361
JPN,Japan,1883,1706.64586363636,7.44228524001559
JPN,Japan,1884,1717.66318181818,7.44872003083107
JPN,Japan,1885,1728.6805,7.4551136797124
JPN,Japan,1886,1831.8822,7.51309924185661
JPN,Japan,1887,1847.5295,7.52160462021856
JPN,Japan,1888,1723.5686,7.45215218789182
JPN,Japan,1889,1754.5338,7.4699584595855
JPN,Japan,1890,1853.5754,7.52487170155837
JPN,Japan,1891,1749.7371,7.46722082706069
JPN,Japan,1892,1841.7019,7.51844536875656
JPN,Japan,1893,1832.4439,7.51340581937678
JPN,Japan,1894,2016.4187,7.60907829611905
JPN,Japan,1895,2021.8254,7.61175604570366
JPN,Japan,1896,1904.4432,7.5519449613731
JPN,Japan,1897,1904.511,7.55198056169615
JPN,Japan,1898,2232.8545,7.71103609073827
JPN,Japan,1899,2104.5572,7.65186036769396
JPN,Japan,1900,2123.2506,7.66070349524574
JPN,Japan,1901,2161.5148,7.67856455118117
JPN,Japan,1902,2012.7671,7.60726572098303
JPN,Japan,1903,2203.8716,7.69797091086251
JPN,Japan,1904,2178.9911,7.68661725049387
JPN,Japan,1905,2111.251,7.65503594177495
JPN,Japan,1906,2328.9773,7.75318452316445
JPN,Japan,1907,2358.2205,7.76566258817578
JPN,Japan,1908,2356.9176,7.7651099426305
JPN,Japan,1909,2333.2012,7.75499650919445
JPN,Japan,1910,2316.9759,7.74801812299719
JPN,Japan,1911,2399.7748,7.78313017860008
JPN,Japan,1912,2419.7095,7.79140277062288
JPN,Japan,1913,2430.625,7.79590370491001
JPN,Japan,1914,2357.8039,7.76548591394098
JPN,Japan,1915,2512.0648,7.82886032343372
JPN,Japan,1916,2829.2871,7.94778005077589
JPN,Japan,1917,2940.6258,7.98637769482472
JPN,Japan,1918,2973.488,7.99749095349028
JPN,Japan,1919,3219.3054,8.07692090098307
JPN,Japan,1920,2973.9623,7.99765045040983
JPN,Japan,1921,3244.3521,8.08467094818633
JPN,Japan,1922,3243.8301,8.08451004025094
JPN,Japan,1923,3243.5498,8.08442362631973
JPN,Japan,1924,3316.3572,8.10662223059854
JPN,Japan,1925,3414.354,8.13574358866429
JPN,Japan,1926,3358.5393,8.11926142629098
JPN,Japan,1927,3346.8922,8.11578749274522
JPN,Japan,1928,3554.1157,8.17586156305245
JPN,Japan,1929,3665.0867,8.20660727024831
JPN,Japan,1930,3334.1082,8.11196051629344
JPN,Japan,1931,3320.8107,8.10796421884879
JPN,Japan,1932,3529.2879,8.16885140153218
JPN,Japan,1933,3786.8017,8.23927706318249
JPN,Japan,1934,3755.6878,8.23102671653268
JPN,Japan,1935,3825.303,8.24939295880951
JPN,Japan,1936,3985.5456,8.29042949527787
JPN,Japan,1937,4074.9223,8.31260695800851
JPN,Japan,1938,4256.8411,8.35628263837556
JPN,Japan,1939,4803.7828,8.4771589698547
JPN,Japan,1940,4882.3985,8.49339187400428
JPN,Japan,1941,4986.24,8.51443739770244
JPN,Japan,1942,4938.54,8.50482501994077
JPN,Japan,1943,4825.65,8.48170071972574
JPN,Japan,1944,4816.11,8.47972182725938
JPN,Japan,1945,3677.67,8.21003467846358
JPN,Japan,1946,2771.37,7.92709706175216
JPN,Japan,1947,2710.95,7.90505440594976
JPN,Japan,1948,2857.23,7.9576079030157
JPN,Japan,1949,2866.77,7.96094123943546
JPN,Japan,1950,3062,8.02682357621763
JPN,Japan,1951,3389,8.12829017160705
JPN,Japan,1952,3724,8.22255363839696
JPN,Japan,1953,3944,8.27995071572253
JPN,Japan,1954,4116,8.32263709695394
JPN,Japan,1955,4417,8.39321601159653
JPN,Japan,1956,4699,8.45510499910282
JPN,Japan,1957,4999,8.51699317141357
JPN,Japan,1958,5243,8.56464913257253
JPN,Japan,1959,5665,8.64206217346211
JPN,Japan,1960,6354,8.75683981482946
JPN,Japan,1961,7055,8.86149186428692
JPN,Japan,1962,7614,8.93774393694244
JPN,Japan,1963,8176,9.00895831244349
JPN,Japan,1964,9035,9.10886120302633
JPN,Japan,1965,9459,9.15472194821317
JPN,Japan,1966,10370,9.24667230122357
JPN,Japan,1967,11400,9.34136863438259
JPN,Japan,1968,12725,9.45132384141872
JPN,Japan,1969,14145,9.55711648373567
JPN,Japan,1970,15484,9.64756251169754
JPN,Japan,1971,16004,9.68059396997713
JPN,Japan,1972,17110,9.74741836688624
JPN,Japan,1973,18226,9.81060442505607
JPN,Japan,1974,17765,9.78498550845513
JPN,Japan,1975,18082,9.80267224729731
JPN,Japan,1976,18600,9.83091685970129
JPN,Japan,1977,19230,9.86422683858283
JPN,Japan,1978,20060,9.90648306151593
JPN,Japan,1979,20982,9.95142020629143
JPN,Japan,1980,21404,9.9713330994312
JPN,Japan,1981,21924,9.99533720616601
JPN,Japan,1982,22440,10.0186003596366
JPN,Japan,1983,22805,10.0347350891458
JPN,Japan,1984,23548,10.0667961701482
JPN,Japan,1985,24437,10.1038536561604
JPN,Japan,1986,24992,10.1263110526394
JPN,Japan,1987,25904,10.1621526759174
JPN,Japan,1988,27393,10.2180427852845
JPN,Japan,1989,28601,10.2611969612317
JPN,Japan,1990,29949,10.3072512140045
JPN,Japan,1991,30837.4307,10.3364845135712
JPN,Japan,1992,30977.8145,10.3410265659692
JPN,Japan,1993,30920.6593,10.3391798252425
JPN,Japan,1994,31135.4272,10.3461015881053
JPN,Japan,1995,31887.2776,10.369962387906
JPN,Japan,1996,32784.1582,10.3977006959917
JPN,Japan,1997,33038.293,10.4054225616513
JPN,Japan,1998,32558.1866,10.3907841244623
JPN,Japan,1999,32394.5155,10.3857444127605
JPN,Japan,2000,33210.8078,10.4106306380738
JPN,Japan,2001,33246.3921,10.4117015319259
JPN,Japan,2002,33195.4005,10.4101666061505
JPN,Japan,2003,33619.9481,10.4228748632374
JPN,Japan,2004,34313.5569,10.4432957999633
JPN,Japan,2005,34857.7558,10.4590309394917
JPN,Japan,2006,35333.1131,10.4725758513878
JPN,Japan,2007,35892.7128,10.4882895677995
JPN,Japan,2008,35496.2275,10.4771817022111
JPN,Japan,2009,33590.0109,10.4219840071076
JPN,Japan,2010,35011.4025,10.4634290731292
JPN,Japan,2011,34979,10.4625031603995
JPN,Japan,2012,35580,10.4795389612198
JPN,Japan,2013,36354,10.501059518173
JPN,Japan,2014,36537,10.5060807247552
JPN,Japan,2015,37031,10.519510678674
JPN,Japan,2016,37465,10.5311624427984
JPN,Japan,2017,38414.8618,10.5561996897422
JPN,Japan,2018,38673.8081,10.5629178566083
NGA,Nigeria,1950,1200,7.09007683577609
NGA,Nigeria,1951,1262,7.14045304310116
NGA,Nigeria,1952,1323,7.18765716411496
NGA,Nigeria,1953,1325,7.18916773842032
NGA,Nigeria,1954,1382,7.23128700432762
NGA,Nigeria,1955,1379,7.2291138777933
NGA,Nigeria,1956,1309,7.1770187659099
NGA,Nigeria,1957,1323,7.18765716411496
NGA,Nigeria,1958,1270,7.14677217945264
NGA,Nigeria,1959,1288,7.1608459066643
NGA,Nigeria,1960,1307,7.17548971362422
NGA,Nigeria,1961,1313,7.1800698743028
NGA,Nigeria,1962,1349,7.20711885620776
NGA,Nigeria,1963,1433,7.26752542782817
NGA,Nigeria,1964,1451,7.28000825288419
NGA,Nigeria,1965,1505,7.31654817718298
NGA,Nigeria,1966,1414,7.25417784645652
NGA,Nigeria,1967,1160,7.05617528410041
NGA,Nigeria,1968,1114,7.01571242048723
NGA,Nigeria,1969,1372,7.22402480828583
NGA,Nigeria,1970,1744,7.46393660446893
NGA,Nigeria,1971,1894,7.54644627374602
NGA,Nigeria,1972,1908,7.55381085200823
NGA,Nigeria,1973,2012,7.60688453121963
NGA,Nigeria,1974,2179,7.68662133494462
NGA,Nigeria,1975,2051,7.62608275807238
NGA,Nigeria,1976,2208,7.69984240739699
NGA,Nigeria,1977,2220,7.70526247486633
NGA,Nigeria,1978,2028,7.61480536471107
NGA,Nigeria,1979,2104,7.6515955738576
NGA,Nigeria,1980,2080,7.64012317269536
NGA,Nigeria,1981,1855,7.52563997504154
NGA,Nigeria,1982,1784,7.48661331313996
NGA,Nigeria,1983,1631,7.39694860262101
NGA,Nigeria,1984,1527,7.33106030521863
NGA,Nigeria,1985,1621,7.39079852173568
NGA,Nigeria,1986,1610,7.38398945797851
NGA,Nigeria,1987,1556,7.34987370473834
NGA,Nigeria,1988,1667,7.41878088275079
NGA,Nigeria,1989,1729,7.45529848568329
NGA,Nigeria,1990,1773,7.48042830607421
NGA,Nigeria,1991,1759.0035,7.47250273450249
NGA,Nigeria,1992,1793.9401,7.49216965298662
NGA,Nigeria,1993,1817.7495,7.5053544764648
NGA,Nigeria,1994,1820.3046,7.50675912870464
NGA,Nigeria,1995,1851.0375,7.52350157168757
NGA,Nigeria,1996,1924.0884,7.56220757611612
NGA,Nigeria,1997,1977.2856,7.5894802740421
NGA,Nigeria,1998,2025.8649,7.61375199946576
NGA,Nigeria,1999,2034.8275,7.61816632769904
NGA,Nigeria,2000,2144.8254,7.67081342944767
NGA,Nigeria,2001,2282.823,7.73316811395786
NGA,Nigeria,2002,2609.1294,7.86677188145376
NGA,Nigeria,2003,2848.2813,7.95447103872174
NGA,Nigeria,2004,3136.6274,8.05090342523572
NGA,Nigeria,2005,3347.8205,8.11606481607411
NGA,Nigeria,2006,3564.6323,8.17881618587395
NGA,Nigeria,2007,3817.4835,8.24734671488305
NGA,Nigeria,2008,4084.2003,8.31488122313576
NGA,Nigeria,2009,4416.347,8.3930681627684
NGA,Nigeria,2010,4904.8659,8.49798303217619
NGA,Nigeria,2011,5136,8.5440298453698
NGA,Nigeria,2012,5223,8.5608272284363
NGA,Nigeria,2013,5370,8.58858318750291
NGA,Nigeria,2014,5569,8.62497078358967
NGA,Nigeria,2015,5578,8.62658556818743
NGA,Nigeria,2016,5360,8.58671925406485
NGA,Nigeria,2017,5271.1427,8.57000244915048
NGA,Nigeria,2018,5237.6623,8.5636305518171
USA,United States,1821,2715.1872,7.90661618026732
USA,United States,1822,2791.0376,7.93416870531946
USA,United States,1823,2760.1832,7.92305233331995
USA,United States,1824,2836.0336,7.95016173525461
USA,United States,1825,2897.7424,7.97168723004089
USA,United States,1826,2918.312,7.97876064591661
USA,United States,1827,2929.8824,7.98271756468685
USA,United States,1828,2929.8824,7.98271756468685
USA,United States,1829,2833.4624,7.94925470571397
USA,United States,1830,3039.1584,8.01933591396715
USA,United States,1831,3225.5704,8.07886508180759
USA,United States,1832,3342.56,8.11449225945074
USA,United States,1833,3459.5496,8.14889368616807
USA,United States,1834,3294.9928,8.10015926180524
USA,United States,1835,3419.696,8.13730693721691
USA,United States,1836,3469.8344,8.15186214845917
USA,United States,1837,3360.5584,8.11986242962533
USA,United States,1838,3329.704,8.11063869013475
USA,United States,1839,3491.6896,8.15814102411975
USA,United States,1840,3319.4192,8.10754510684775
USA,United States,1841,3252.568,8.08720011716273
USA,United States,1842,3222.9992,8.07806763359946
USA,United States,1843,3274.4232,8.09389701042062
USA,United States,1844,3453.1216,8.14703391252435
USA,United States,1845,3505.8312,8.16218291828676
USA,United States,1846,3526.4008,8.16803302637877
USA,United States,1847,3618.964,8.19394307601496
USA,United States,1848,3712.8128,8.21954503545388
USA,United States,1849,3616.3928,8.19323234393102
USA,United States,1850,3631.82,8.19748917902171
USA,United States,1851,3778.3784,8.23705020186008
USA,United States,1852,3971.2184,8.28682822835975
USA,United States,1853,4242.48,8.35290328289574
USA,United States,1854,4254.0504,8.35562684336278
USA,United States,1855,4161.4872,8.33362778936741
USA,United States,1856,4247.6224,8.35411467008204
USA,United States,1857,4156.3448,8.3323913131666
USA,United States,1858,4176.9144,8.33732807111027
USA,United States,1859,4288.7616,8.3637532989198
USA,United States,1860,4401.8944,8.3897902727028
USA,United States,1861,4311.9024,8.36913447782432
USA,United States,1862,4446.8904,8.39996034437833
USA,United States,1863,4733.5792,8.46243689723419
USA,United States,1864,4889.1368,8.49477104336943
USA,United States,1865,4637.1592,8.44185721634471
USA,United States,1866,4599.8768,8.43378479950983
USA,United States,1867,4751.5776,8.46623196820274
USA,United States,1868,4815.8576,8.4796694184452
USA,United States,1869,4943.132,8.50575441738091
USA,United States,1870,4803.0016,8.4769963347899
USA,United States,1871,4918.7056,8.50080068544136
USA,United States,1872,4991.9848,8.51558886517283
USA,United States,1873,5116.688,8.54026263371965
USA,United States,1874,4964.9872,8.51016599842963
USA,United States,1875,5105.1176,8.53799876657242
USA,United States,1876,5049.8368,8.52711120491552
USA,United States,1877,5098.6896,8.53673884452091
USA,United States,1878,5198.9664,8.55621511558153
USA,United States,1879,5715.7776,8.65098562996531
USA,United States,1880,6255.7296,8.74125305878463
USA,United States,1881,6317.4384,8.75106908852229
USA,United States,1882,6557.8456,8.78841741336409
USA,United States,1883,6559.1312,8.78861343414292
USA,United States,1884,6523.1344,8.78311027560039
USA,United States,1885,6424.1432,8.76781854678537
USA,United States,1886,6471.7104,8.77519571113643
USA,United States,1887,6616.9832,8.79739483509392
USA,United States,1888,6447.284,8.7714142358372
USA,United States,1889,6705.6896,8.81071163904766
USA,United States,1890,6664.5504,8.80455777347328
USA,United States,1891,6811.1088,8.82631020527318
USA,United States,1892,7324.0632,8.89892053492156
USA,United States,1893,6834.2496,8.8297019552743
USA,United States,1894,6510.2784,8.78113749926518
USA,United States,1895,7159.5064,8.87619631903083
USA,United States,1896,6885.6736,8.83719824225223
USA,United States,1897,7406.3416,8.91009188517355
USA,United States,1898,7426.9112,8.91286533122243
USA,United States,1899,7959.1496,8.9820774389604
USA,United States,1900,8037.5712,8.99188222698253
USA,United States,1901,8770.3632,9.07913349841976
USA,United States,1902,8684.228,9.06926378583547
USA,United States,1903,8941.348,9.09844163979871
USA,United States,1904,8663.6584,9.06689236038738
USA,United States,1905,9121.332,9.11837112503531
USA,United States,1906,9980.1128,9.20834967184685
USA,United States,1907,9950.544,9.20538250202494
USA,United States,1908,8975.9761,9.10230696510296
USA,United States,1909,9798.1182,9.18994562581222
USA,United States,1910,9636.7827,9.17334258708612
USA,United States,1911,9735.8893,9.18357426443017
USA,United States,1912,9976.5671,9.20799433217561
USA,United States,1913,10107.9694,9.2210794411984
USA,United States,1914,9096.372,9.11563093169173
USA,United States,1915,9164.1768,9.12305733627248
USA,United States,1916,10222.3199,9.23232883408409
USA,United States,1917,9769.078,9.18697737006164
USA,United States,1918,10471.3058,9.25639401433051
USA,United States,1919,10449.7803,9.25433623324851
USA,United States,1920,10152.9271,9.22551732713165
USA,United States,1921,9674.8805,9.17728816640051
USA,United States,1922,10009.7153,9.21131143034636
USA,United States,1923,11071.243,9.31210630485533
USA,United States,1924,11126.713,9.31710407270921
USA,United States,1925,11149.772,9.3191743282487
USA,United States,1926,11647.7678,9.36286983548502
USA,United States,1927,11532.3979,9.35291556215194
USA,United States,1928,11451.069,9.3458383670698
USA,United States,1929,11954.2353,9.38884091297833
USA,United States,1930,10694.9821,9.27752994783582
USA,United States,1931,9930.9634,9.2034127714671
USA,United States,1932,8380.5044,9.03366338259552
USA,United States,1933,8048.2245,8.99320678707968
USA,United States,1934,8667.0918,9.06728858097856
USA,United States,1935,9680.8386,9.17790380874967
USA,United States,1936,10568.0124,9.26558701955499
USA,United States,1937,11295.0989,9.33212418495053
USA,United States,1938,10526.1336,9.26161635821395
USA,United States,1939,11171.4481,9.3211165255584
USA,United States,1940,12005.0952,9.39308643865307
USA,United States,1941,13553.4017,9.51439284277106
USA,United States,1942,14869.8612,9.60709170518064
USA,United States,1943,16050.2174,9.68347767363777
USA,United States,1944,16999.3272,9.7409290457846
USA,United States,1945,16477.5518,9.70975423660271
USA,United States,1946,14822.4665,9.60389931550138
USA,United States,1947,14311.5472,9.5688219869016
USA,United States,1948,14734.2321,9.59792877979956
USA,United States,1949,14196.672,9.56076284992412
USA,United States,1950,15240,9.63167882924064
USA,United States,1951,16125,9.68812614166397
USA,United States,1952,16444,9.70771594801777
USA,United States,1953,16917,9.73607431247529
USA,United States,1954,16512,9.71184266828129
USA,United States,1955,17370,9.76249985923515
USA,United States,1956,17397,9.76405305654455
USA,United States,1957,17406,9.76457025334946
USA,United States,1958,16946,9.73778709675841
USA,United States,1959,17900,9.79255599182885
USA,United States,1960,18057,9.80128870021588
USA,United States,1961,18175,9.80780230240172
USA,United States,1962,18976,9.85093030179745
USA,United States,1963,19514,9.8788874356679
USA,United States,1964,20360,9.92132747066446
USA,United States,1965,21390,9.97067880207645
USA,United States,1966,22529,10.0225586471771
USA,United States,1967,22842,10.0363562256106
USA,United States,1968,23691,10.0728505081657
USA,United States,1969,24195,10.0939012792274
USA,United States,1970,23958,10.0840575762913
USA,United States,1971,24394,10.1020924794032
USA,United States,1972,25414,10.1430554822645
USA,United States,1973,26602,10.1887416799132
USA,United States,1974,26286,10.176791757042
USA,United States,1975,25956,10.1641580757411
USA,United States,1976,27058,10.2057379891633
USA,United States,1977,28001,10.2399955028053
USA,United States,1978,29286,10.2848648651152
USA,United States,1979,29949,10.3072512140045
USA,United States,1980,29611,10.2959011928996
USA,United States,1981,30056,10.3108175872538
USA,United States,1982,29210,10.2822663953818
USA,United States,1983,30158,10.3142055069257
USA,United States,1984,32076,10.3758633659269
USA,United States,1985,33023,10.404959567375
USA,United States,1986,33850,10.4296942783404
USA,United States,1987,34730,10.4553591457381
USA,United States,1988,35863,10.4874614023326
USA,United States,1989,36756,10.5120567566208
USA,United States,1990,36982,10.5181865867669
USA,United States,1991,36463.9576,10.5040795886941
USA,United States,1992,37240.299,10.5251467603599
USA,United States,1993,37761.5352,10.5390462762126
USA,United States,1994,38807.28,10.5663631368773
USA,United States,1995,39390.6254,10.5812831329651
USA,United States,1996,40412.751,10.606900632964
USA,United States,1997,41722.6703,10.6387999123397
USA,United States,1998,43072.758,10.6706460112894
USA,United States,1999,44575.8486,10.7049474801273
USA,United States,2000,45886.4705,10.7339255922497
USA,United States,2001,45878.0092,10.7337411788459
USA,United States,2002,46266.2959,10.7421690246659
USA,United States,2003,47157.9953,10.761258845266
USA,United States,2004,48492.7171,10.7891689027634
USA,United States,2005,49654.7614,10.8128495641703
USA,United States,2006,50489.86,10.8295278030228
USA,United States,2007,50901.7447,10.8376524789649
USA,United States,2008,50275.7463,10.8252780588867
USA,United States,2009,48452.9335,10.7883481624416
USA,United States,2010,49266.9159,10.8050080576787
USA,United States,2011,49675,10.81325706742
USA,United States,2012,50394,10.8276273993537
USA,United States,2013,50863,10.8368910226868
USA,United States,2014,51664,10.8525164929981
USA,United States,2015,52591,10.8703002814245
USA,United States,2016,53015,10.8783301713599
USA,United States,2017,54007.7698,10.8968832003811
USA,United States,2018,55334.7394,10.9211561891911
